aoldaily.com,3595,50.116.42.33,US,[u'aoldaily.com'],United States,NJ,New Jersey,Absecon,39.4284,-74.4957,504,609,America/New_York,NA,,Linode,Linode,linode.com,"""AS3595 Global Net Access"," LLC""",Corporate,hosting,999,88,61,49,50
aolon1ine.com,26496,50.63.202.62,US,[u'11nux.com'],United States,AZ,Arizona,Scottsdale,33.6119,-111.8906,753,480,America/Phoenix,NA,85260,"""GoDaddy.com"," LLC""","""GoDaddy.com"," LLC""",secureserver.net,"""AS26496 GoDaddy.com"," LLC""",Corporate,hosting,534,99,20,60,10
applesoftupdate.com,26496,50.63.202.62,US,[u'11nux.com'],United States,AZ,Arizona,Scottsdale,33.6119,-111.8906,753,480,America/Phoenix,NA,85260,"""GoDaddy.com"," LLC""","""GoDaddy.com"," LLC""",secureserver.net,"""AS26496 GoDaddy.com"," LLC""",Corporate,hosting,534,99,20,60,10
attnpower.com,36351,75.126.166.204,US,[u'artcreation.cn'],United States,TX,Texas,Dallas,32.9299,-96.8353,623,972,America/Chicago,NA,75244,SoftLayer Technologies,Padhost,softlayer.com,AS36351 SoftLayer Technologies Inc.,Corporate,hosting,534,99,20,60,10
aunewsonline.com,3595,50.116.42.33,US,[u'aoldaily.com'],United States,NJ,New Jersey,Absecon,39.4284,-74.4957,504,609,America/New_York,NA,,Linode,Linode,linode.com,"""AS3595 Global Net Access"," LLC""",Corporate,hosting,999,88,61,49,50
bluecoate.com,46606,74.220.199.7,US,[u'bluecoate.com'],United States,UT,Utah,Provo,40.2181,-111.6133,770,801,America/Denver,NA,84606,Unified Layer,Unified Layer,fastdomain.com,AS46606 Unified Layer,Corporate,business,999,94,11,15,11
bpyoyo.com,21740,8.5.1.34,US,[u'1.proporzione.com'],United States,WA,Washington,Bellevue,47.6051,-122.1134,819,425,America/Los_Angeles,NA,98008,Level 3 Communications,"""eNom"," Incorporated""",,"""AS21740 eNom"," Incorporated""",Corporate,business,534,99,20,60,10
canadatvsite.com,3595,50.116.42.33,US,[u'aoldaily.com'],United States,NJ,New Jersey,Absecon,39.4284,-74.4957,504,609,America/New_York,NA,,Linode,Linode,linode.com,"""AS3595 Global Net Access"," LLC""",Corporate,hosting,999,88,61,49,50
canoedaily.com,3595,50.116.42.33,US,[u'aoldaily.com'],United States,NJ,New Jersey,Absecon,39.4284,-74.4957,504,609,America/New_York,NA,,Linode,Linode,linode.com,"""AS3595 Global Net Access"," LLC""",Corporate,hosting,999,88,61,49,50
cnndaily.com,3595,50.116.42.33,US,[u'aoldaily.com'],United States,NJ,New Jersey,Absecon,39.4284,-74.4957,504,609,America/New_York,NA,,Linode,Linode,linode.com,"""AS3595 Global Net Access"," LLC""",Corporate,hosting,999,88,61,49,50
cnndaily.net,3595,50.116.42.33,US,[u'aoldaily.com'],United States,NJ,New Jersey,Absecon,39.4284,-74.4957,504,609,America/New_York,NA,,Linode,Linode,linode.com,"""AS3595 Global Net Access"," LLC""",Corporate,hosting,999,88,61,49,50
cnnnewsdaily.com,22489,69.43.161.167,AU,[u'00000.mosthost.org'],Australia,07,Victoria,Beaumaris,-38.0000,145.0500,,,Australia/Victoria,OC,,Castle Access,Trellian Pty,,AS22489 Castle Access Inc,Corporate,residential,683,99,20,60,10
companyinfosite.com,26496,184.168.221.86,US,[u'1-4corporategifts.com'],United States,AZ,Arizona,Scottsdale,33.6119,-111.8906,753,480,America/Phoenix,NA,85260,"""GoDaddy.com"," LLC""","""GoDaddy.com"," LLC""",secureserver.net,"""AS26496 GoDaddy.com"," LLC""",Corporate,hosting,534,99,20,60,10
competrip.com,46606,66.147.254.190,US,[u'competrip.com'],United States,UT,Utah,Provo,40.2181,-111.6133,770,801,America/Denver,NA,84606,Unified Layer,Unified Layer,unifiedlayer.com,AS46606 Unified Layer,Corporate,business,534,99,20,60,10
copporationnews.com,3595,50.116.42.33,US,[u'aoldaily.com'],United States,NJ,New Jersey,Absecon,39.4284,-74.4957,504,609,America/New_York,NA,,Linode,Linode,linode.com,"""AS3595 Global Net Access"," LLC""",Corporate,hosting,999,88,61,49,50
defenceonline.net,3595,50.116.42.33,US,[u'aoldaily.com'],United States,NJ,New Jersey,Absecon,39.4284,-74.4957,504,609,America/New_York,NA,,Linode,Linode,linode.com,"""AS3595 Global Net Access"," LLC""",Corporate,hosting,999,88,61,49,50
downloadsite.me,26496,50.63.202.89,US,[u'10114.info'],United States,AZ,Arizona,Scottsdale,33.6119,-111.8906,753,480,America/Phoenix,NA,85260,"""GoDaddy.com"," LLC""","""GoDaddy.com"," LLC""",secureserver.net,"""AS26496 GoDaddy.com"," LLC""",Corporate,hosting,534,99,20,60,10
e-cardsshop.com,3595,50.116.42.33,US,[u'aoldaily.com'],United States,NJ,New Jersey,Absecon,39.4284,-74.4957,504,609,America/New_York,NA,,Linode,Linode,linode.com,"""AS3595 Global Net Access"," LLC""",Corporate,hosting,999,88,61,49,50
firefoxupdata.com,15003,23.19.7.190,US,[u'firefoxupdata.com'],United States,CA,California,Los Angeles,34.0438,-118.2512,803,213,America/Los_Angeles,NA,90014,"""Nobis Technology Group"," LLC""",Ubiquity Server Solutions Los Angeles,1ue.com,"""AS15003 Nobis Technology Group"," LLC""",Corporate,hosting,534,99,20,60,10
firefoxupdata.com,15169,8.8.8.8,US,[u'0779.org'],United States,,,,38.0000,-97.0000,,,,NA,,Level 3 Communications,Google Incorporated,,AS15169 Google Inc.,Corporate,business,999,51,9,24,10
giftnews.org,46606,173.254.28.80,US,[u'24hourfitnesslive.com'],United States,UT,Utah,Provo,40.2181,-111.6133,770,801,America/Denver,NA,84606,Unified Layer,Unified Layer,justhost.com,AS46606 Unified Layer,Corporate,business,999,86,20,28,10
hugesoft.org,32421,192.31.186.148,US,[u'2wggtty.info'],United States,DE,Delaware,Wilmington,39.7157,-75.5281,504,302,America/New_York,NA,19801,Black Lotus Communications,Black Lotus Communications,,AS32421 Black Lotus Communications,Unknown,residential,534,99,20,60,10
hvmetal.com,3595,50.116.42.33,US,[u'aoldaily.com'],United States,NJ,New Jersey,Absecon,39.4284,-74.4957,504,609,America/New_York,NA,,Linode,Linode,linode.com,"""AS3595 Global Net Access"," LLC""",Corporate,hosting,999,88,61,49,50
ifexcel.com,51969,46.149.18.14,IS,[u'3ml.infosupports.com'],Iceland,,,,65.0000,-18.0000,,,Atlantic/Reykjavik,EU,,GreenQloud ehf,GreenQloud ehf,greenqloud.com,AS51969 GreenQloud ehf,Cable/DSL,,,99,,,
infobusinessus.org,29761,173.254.222.138,US,[u'buycow.busketball.com'],United States,AZ,Arizona,Tempe,33.4357,-111.9171,753,480,America/Phoenix,NA,85281,"""OC3 Networks & Web Solutions"," LLC""","""CosmosTeck"," LLC""",,AS29761 Web Africa Proxy aut-num object,Corporate,hosting,1,59,22,44,10
infosupports.com,51969,46.149.18.14,IS,[u'3ml.infosupports.com'],Iceland,,,,65.0000,-18.0000,,,Atlantic/Reykjavik,EU,,GreenQloud ehf,GreenQloud ehf,greenqloud.com,AS51969 GreenQloud ehf,Cable/DSL,,,99,,,
issnbgkit.net,21788,184.82.228.72,US,[u'attrcorp.com'],United States,CA,California,Los Angeles,34.0522,-118.2437,803,323,America/Los_Angeles,NA,,Network Operations Center,Network Operations Center,hostnoc.net,AS21788 Network Operations Center Inc.,Corporate,hosting,778,95,56,28,10
jobsadvanced.com,2516,106.186.16.96,JP,[u'flash.jobsadvanced.com'],Japan,40,Tokyo,Tokyo,35.6850,139.7514,,,Asia/Tokyo,AS,,Kddi Corporation,Kddi Corporation,linode.com,AS2516 KDDI KDDI CORPORATION,Cable/DSL,residential,80,99,40,60,
livemymsn.com,27229,69.25.50.10,US,[u'crystal.rssadvanced.org'],United States,FL,Florida,Miami,25.7806,-80.1826,528,305,America/New_York,NA,33132,Internap Network Services Corporation,Webhosting.Net,,"""AS27229 Webhosting.Net"," Inc.""",Corporate,hosting,534,99,20,60,10
maltempata.com,2516,106.186.16.96,JP,[u'flash.jobsadvanced.com'],Japan,40,Tokyo,Tokyo,35.6850,139.7514,,,Asia/Tokyo,AS,,Kddi Corporation,Kddi Corporation,linode.com,AS2516 KDDI KDDI CORPORATION,Cable/DSL,residential,80,99,40,60,
mcafeepaying.com,2516,106.186.16.96,JP,[u'flash.jobsadvanced.com'],Japan,40,Tokyo,Tokyo,35.6850,139.7514,,,Asia/Tokyo,AS,,Kddi Corporation,Kddi Corporation,linode.com,AS2516 KDDI KDDI CORPORATION,Cable/DSL,residential,80,99,40,60,
micyuisyahooapis.com,2516,106.186.16.96,JP,[u'flash.jobsadvanced.com'],Japan,40,Tokyo,Tokyo,35.6850,139.7514,,,Asia/Tokyo,AS,,Kddi Corporation,Kddi Corporation,linode.com,AS2516 KDDI KDDI CORPORATION,Cable/DSL,residential,80,99,40,60,
msnhome.org,8075,207.46.31.61,US,[u'ak47.msnhome.org'],United States,,,,38.0000,-97.0000,,,,NA,,Microsoft Corp,Microsoft Corp,,AS8075 Microsoft Corp,Cable/DSL,business,,99,,,
msnhome.org,8075,65.55.39.12,US,[u'ak47.msnhome.org'],United States,WA,Washington,Redmond,47.6801,-122.1206,819,425,America/Los_Angeles,NA,98052,Microsoft Hosting,Microsoft Hosting,,AS8075 Microsoft Corp,Corporate,residential,885,99,67,62,67
nationtour.net,2516,106.186.16.96,JP,[u'flash.jobsadvanced.com'],Japan,40,Tokyo,Tokyo,35.6850,139.7514,,,Asia/Tokyo,AS,,Kddi Corporation,Kddi Corporation,linode.com,AS2516 KDDI KDDI CORPORATION,Cable/DSL,residential,80,99,40,60,
newsesport.com,46606,173.254.2.146,US,[u'newsesport.com'],United States,UT,Utah,Provo,40.2181,-111.6133,770,801,America/Denver,NA,84606,Unified Layer,Unified Layer,unifiedlayer.com,AS46606 Unified Layer,Corporate,business,534,99,20,60,10
newsonlinesite.com,2516,106.186.16.96,JP,[u'flash.jobsadvanced.com'],Japan,40,Tokyo,Tokyo,35.6850,139.7514,,,Asia/Tokyo,AS,,Kddi Corporation,Kddi Corporation,linode.com,AS2516 KDDI KDDI CORPORATION,Cable/DSL,residential,80,99,40,60,
nirvanaol.com,23352,204.93.130.138,US,[u'3046166.com'],United States,IL,Illinois,Chicago,41.8500,-87.6500,602,312,America/Chicago,NA,,Server Central Network,Rethem Hosting LLC,scnet.net,AS23352 Server Central Network,Corporate,business,11,99,72,71,10
onefastgame.net,8001,192.155.90.150,US,[u'onefastgame.net'],United States,NJ,New Jersey,Absecon,39.4899,-74.4773,504,609,America/New_York,NA,08205,Linode,Linode,linode.com,AS8001 Net Access Corporation,Unknown,hosting,534,99,20,60,10
phoenixtvus.com,7796,216.240.128.229,US,[u'mail2.syscation.net'],United States,,,,38.0000,-97.0000,,,,NA,,Atmlink,Design Creator,calpop.com,"""AS7796 ATMLINK"," INC.""",Corporate,hosting,783,95,36,52,10
pop-musicsite.com,2516,106.186.16.96,JP,[u'flash.jobsadvanced.com'],Japan,40,Tokyo,Tokyo,35.6850,139.7514,,,Asia/Tokyo,AS,,Kddi Corporation,Kddi Corporation,linode.com,AS2516 KDDI KDDI CORPORATION,Cable/DSL,residential,80,99,40,60,
progammerli.com,21788,184.82.228.72,US,[u'attrcorp.com'],United States,CA,California,Los Angeles,34.0522,-118.2437,803,323,America/Los_Angeles,NA,,Network Operations Center,Network Operations Center,hostnoc.net,AS21788 Network Operations Center Inc.,Corporate,hosting,778,95,56,28,10
reutersnewsonline.com,21740,64.74.223.7,US,[u'8cartoonporn.com'],United States,WA,Washington,Bellevue,47.6051,-122.1134,819,425,America/Los_Angeles,NA,98008,Internap Network Services Corporation,eNom,,"""AS21740 eNom"," Incorporated""",Corporate,residential,534,99,20,60,10
satellitebbs.com,2516,106.186.16.96,JP,[u'flash.jobsadvanced.com'],Japan,40,Tokyo,Tokyo,35.6850,139.7514,,,Asia/Tokyo,AS,,Kddi Corporation,Kddi Corporation,linode.com,AS2516 KDDI KDDI CORPORATION,Cable/DSL,residential,80,99,40,60,
searchforca.com,26496,50.63.202.69,US,[u'2012smartest.com'],United States,AZ,Arizona,Scottsdale,33.6119,-111.8906,753,480,America/Phoenix,NA,85260,"""GoDaddy.com"," LLC""","""GoDaddy.com"," LLC""",secureserver.net,"""AS26496 GoDaddy.com"," LLC""",Corporate,hosting,534,99,20,60,10
symanteconline.net,2516,106.186.16.96,JP,[u'flash.jobsadvanced.com'],Japan,40,Tokyo,Tokyo,35.6850,139.7514,,,Asia/Tokyo,AS,,Kddi Corporation,Kddi Corporation,linode.com,AS2516 KDDI KDDI CORPORATION,Cable/DSL,residential,80,99,40,60,
syscation.com,3595,50.116.42.33,US,[u'aoldaily.com'],United States,NJ,New Jersey,Absecon,39.4284,-74.4957,504,609,America/New_York,NA,,Linode,Linode,linode.com,"""AS3595 Global Net Access"," LLC""",Corporate,hosting,999,88,61,49,50
tibethome.org,36351,198.58.104.183,US,[u'tibethome.org'],United States,NJ,New Jersey,Absecon,39.4899,-74.4773,504,609,America/New_York,NA,08205,Linode,Linode,,AS36351 SoftLayer Technologies Inc.,Corporate,hosting,534,99,20,60,10
todayusa.org,2516,106.186.16.96,JP,[u'flash.jobsadvanced.com'],Japan,40,Tokyo,Tokyo,35.6850,139.7514,,,Asia/Tokyo,AS,,Kddi Corporation,Kddi Corporation,linode.com,AS2516 KDDI KDDI CORPORATION,Cable/DSL,residential,80,99,40,60,
usabbs.org,2516,106.186.16.96,JP,[u'flash.jobsadvanced.com'],Japan,40,Tokyo,Tokyo,35.6850,139.7514,,,Asia/Tokyo,AS,,Kddi Corporation,Kddi Corporation,linode.com,AS2516 KDDI KDDI CORPORATION,Cable/DSL,residential,80,99,40,60,
usapappers.com,32421,192.31.186.141,US,[u'3sonshavei.com'],United States,DE,Delaware,Wilmington,39.7157,-75.5281,504,302,America/New_York,NA,19801,Black Lotus Communications,Black Lotus Communications,,AS32421 Black Lotus Communications,Unknown,residential,534,99,20,60,10
usnewssite.com,2516,106.186.16.96,JP,[u'flash.jobsadvanced.com'],Japan,40,Tokyo,Tokyo,35.6850,139.7514,,,Asia/Tokyo,AS,,Kddi Corporation,Kddi Corporation,linode.com,AS2516 KDDI KDDI CORPORATION,Cable/DSL,residential,80,99,40,60,
usnftc.org,3595,50.116.42.33,US,[u'aoldaily.com'],United States,NJ,New Jersey,Absecon,39.4284,-74.4957,504,609,America/New_York,NA,,Linode,Linode,linode.com,"""AS3595 Global Net Access"," LLC""",Corporate,hosting,999,88,61,49,50
voiceofman.com,2516,106.186.16.96,JP,[u'flash.jobsadvanced.com'],Japan,40,Tokyo,Tokyo,35.6850,139.7514,,,Asia/Tokyo,AS,,Kddi Corporation,Kddi Corporation,linode.com,AS2516 KDDI KDDI CORPORATION,Cable/DSL,residential,80,99,40,60,
yahoodaily.com,2516,106.186.16.96,JP,[u'flash.jobsadvanced.com'],Japan,40,Tokyo,Tokyo,35.6850,139.7514,,,Asia/Tokyo,AS,,Kddi Corporation,Kddi Corporation,linode.com,AS2516 KDDI KDDI CORPORATION,Cable/DSL,residential,80,99,40,60,
youipcam.com,7796,216.240.128.229,US,[u'mail2.syscation.net'],United States,,,,38.0000,-97.0000,,,,NA,,Atmlink,Design Creator,calpop.com,"""AS7796 ATMLINK"," INC.""",Corporate,hosting,783,95,36,52,10
3ml.infosupports.com,51969,46.149.18.14,IS,[u'3ml.infosupports.com'],Iceland,,,,65.0000,-18.0000,,,Atlantic/Reykjavik,EU,,GreenQloud ehf,GreenQloud ehf,greenqloud.com,AS51969 GreenQloud ehf,Cable/DSL,,,99,,,
911.cnnnewsdaily.com,22489,69.43.161.167,AU,[u'00000.mosthost.org'],Australia,07,Victoria,Beaumaris,-38.0000,145.0500,,,Australia/Victoria,OC,,Castle Access,Trellian Pty,,AS22489 Castle Access Inc,Corporate,residential,683,99,20,60,10
add.infosupports.com,51969,46.149.18.14,IS,[u'3ml.infosupports.com'],Iceland,,,,65.0000,-18.0000,,,Atlantic/Reykjavik,EU,,GreenQloud ehf,GreenQloud ehf,greenqloud.com,AS51969 GreenQloud ehf,Cable/DSL,,,99,,,
addr.infosupports.com,51969,46.149.18.14,IS,[u'3ml.infosupports.com'],Iceland,,,,65.0000,-18.0000,,,Atlantic/Reykjavik,EU,,GreenQloud ehf,GreenQloud ehf,greenqloud.com,AS51969 GreenQloud ehf,Cable/DSL,,,99,,,
ads.bpyoyo.com,21740,8.5.1.34,US,[u'1.proporzione.com'],United States,WA,Washington,Bellevue,47.6051,-122.1134,819,425,America/Los_Angeles,NA,98008,Level 3 Communications,"""eNom"," Incorporated""",,"""AS21740 eNom"," Incorporated""",Corporate,business,534,99,20,60,10
adtkl.bigish.net,51377,46.37.164.184,GB,[u'asp.busketball.com'],United Kingdom,H9,"""London"," City of""",London,51.5142,-0.0931,,,Europe/London,EU,,BurstNET Limited,BurstNET Limited,hostnoc.net,AS51377 BurstNET Limited,Unknown,hosting,63,88,60,60,
adtkl.gmailboxes.com,40676,216.99.150.35,US,,United States,CA,California,Walnut,34.0115,-117.8535,803,909,America/Los_Angeles,NA,91789,Psychz Networks,Psychz Networks,psychz.net,AS40676 Psychz Networks,Corporate,hosting,534,99,20,60,10
aes.infosupports.com,51969,46.149.18.14,IS,[u'3ml.infosupports.com'],Iceland,,,,65.0000,-18.0000,,,Atlantic/Reykjavik,EU,,GreenQloud ehf,GreenQloud ehf,greenqloud.com,AS51969 GreenQloud ehf,Cable/DSL,,,99,,,
africa.mcafeepaying.com,2516,106.186.16.96,JP,[u'flash.jobsadvanced.com'],Japan,40,Tokyo,Tokyo,35.6850,139.7514,,,Asia/Tokyo,AS,,Kddi Corporation,Kddi Corporation,linode.com,AS2516 KDDI KDDI CORPORATION,Cable/DSL,residential,80,99,40,60,
africa.todayusa.org,2516,106.186.16.96,JP,[u'flash.jobsadvanced.com'],Japan,40,Tokyo,Tokyo,35.6850,139.7514,,,Asia/Tokyo,AS,,Kddi Corporation,Kddi Corporation,linode.com,AS2516 KDDI KDDI CORPORATION,Cable/DSL,residential,80,99,40,60,
africa.usabbs.org,2516,106.186.16.96,JP,[u'flash.jobsadvanced.com'],Japan,40,Tokyo,Tokyo,35.6850,139.7514,,,Asia/Tokyo,AS,,Kddi Corporation,Kddi Corporation,linode.com,AS2516 KDDI KDDI CORPORATION,Cable/DSL,residential,80,99,40,60,
airplane.defenceonline.net,3595,50.116.42.33,US,[u'aoldaily.com'],United States,NJ,New Jersey,Absecon,39.4284,-74.4957,504,609,America/New_York,NA,,Linode,Linode,linode.com,"""AS3595 Global Net Access"," LLC""",Corporate,hosting,999,88,61,49,50
a-jsm.infobusinessus.org,20860,78.129.222.122,GB,[u'a-jsm.infobusinessus.org'],United Kingdom,H9,"""London"," City of""",London,51.5142,-0.0931,,,Europe/London,EU,,Iomart Hosting Limited,Thrust VPS,,AS20860 Iomart,Unknown,residential,993,74,36,36,
ak47.infobusinessus.org,51474,78.95.63.1,RO,[u'ak47.infobusinessus.org'],Romania,,,,46.0000,25.0000,,,Europe/Bucharest,EU,,Media Trend Sistem SRL,Swift Marketing,,AS51474 Media Trend Sistem SRL,Unknown,residential,,99,,,
ak47.msnhome.org,8075,207.46.31.61,US,[u'ak47.msnhome.org'],United States,,,,38.0000,-97.0000,,,,NA,,Microsoft Corp,Microsoft Corp,,AS8075 Microsoft Corp,Cable/DSL,business,,99,,,
ak47.msnhome.org,8075,65.55.39.12,US,[u'ak47.msnhome.org'],United States,WA,Washington,Redmond,47.6801,-122.1206,819,425,America/Los_Angeles,NA,98052,Microsoft Hosting,Microsoft Hosting,,AS8075 Microsoft Corp,Corporate,residential,885,99,67,62,67
alarm.infobusinessus.org,51474,78.95.63.1,RO,[u'ak47.infobusinessus.org'],Romania,,,,46.0000,25.0000,,,Europe/Bucharest,EU,,Media Trend Sistem SRL,Swift Marketing,,AS51474 Media Trend Sistem SRL,Unknown,residential,,99,,,
alone.infosupports.com,51969,46.149.18.14,IS,[u'3ml.infosupports.com'],Iceland,,,,65.0000,-18.0000,,,Atlantic/Reykjavik,EU,,GreenQloud ehf,GreenQloud ehf,greenqloud.com,AS51969 GreenQloud ehf,Cable/DSL,,,99,,,
aol.infobusinessus.org,15169,74.125.236.114,US,[u'aol.infobusinessus.org'],United States,CA,California,Mountain View,37.4192,-122.0574,807,650,America/Los_Angeles,NA,94043,Google,Google,1e100.net,AS15169 Google Inc.,Corporate,business,534,99,20,60,10
apa.infosupports.com,51969,46.149.18.14,IS,[u'3ml.infosupports.com'],Iceland,,,,65.0000,-18.0000,,,Atlantic/Reykjavik,EU,,GreenQloud ehf,GreenQloud ehf,greenqloud.com,AS51969 GreenQloud ehf,Cable/DSL,,,99,,,
app.infobusinessus.org,51474,78.95.63.1,RO,[u'ak47.infobusinessus.org'],Romania,,,,46.0000,25.0000,,,Europe/Bucharest,EU,,Media Trend Sistem SRL,Swift Marketing,,AS51474 Media Trend Sistem SRL,Unknown,residential,,99,,,
apple.infosupports.com,51969,46.149.18.14,IS,[u'3ml.infosupports.com'],Iceland,,,,65.0000,-18.0000,,,Atlantic/Reykjavik,EU,,GreenQloud ehf,GreenQloud ehf,greenqloud.com,AS51969 GreenQloud ehf,Cable/DSL,,,99,,,
ara.infosupports.com,51969,46.149.18.14,IS,[u'3ml.infosupports.com'],Iceland,,,,65.0000,-18.0000,,,Atlantic/Reykjavik,EU,,GreenQloud ehf,GreenQloud ehf,greenqloud.com,AS51969 GreenQloud ehf,Cable/DSL,,,99,,,
ara2.infosupports.com,51969,46.149.18.14,IS,[u'3ml.infosupports.com'],Iceland,,,,65.0000,-18.0000,,,Atlantic/Reykjavik,EU,,GreenQloud ehf,GreenQloud ehf,greenqloud.com,AS51969 GreenQloud ehf,Cable/DSL,,,99,,,
arainfo.infosupports.com,51969,46.149.18.14,IS,[u'3ml.infosupports.com'],Iceland,,,,65.0000,-18.0000,,,Atlantic/Reykjavik,EU,,GreenQloud ehf,GreenQloud ehf,greenqloud.com,AS51969 GreenQloud ehf,Cable/DSL,,,99,,,
ares.aunewsonline.com,3595,50.116.42.33,US,[u'aoldaily.com'],United States,NJ,New Jersey,Absecon,39.4284,-74.4957,504,609,America/New_York,NA,,Linode,Linode,linode.com,"""AS3595 Global Net Access"," LLC""",Corporate,hosting,999,88,61,49,50
army.newsonlinesite.com,2516,106.186.16.96,JP,[u'flash.jobsadvanced.com'],Japan,40,Tokyo,Tokyo,35.6850,139.7514,,,Asia/Tokyo,AS,,Kddi Corporation,Kddi Corporation,linode.com,AS2516 KDDI KDDI CORPORATION,Cable/DSL,residential,80,99,40,60,
army.todayusa.org,2516,106.186.16.96,JP,[u'flash.jobsadvanced.com'],Japan,40,Tokyo,Tokyo,35.6850,139.7514,,,Asia/Tokyo,AS,,Kddi Corporation,Kddi Corporation,linode.com,AS2516 KDDI KDDI CORPORATION,Cable/DSL,residential,80,99,40,60,
auto.aoldaily.com,3595,50.116.42.33,US,[u'aoldaily.com'],United States,NJ,New Jersey,Absecon,39.4284,-74.4957,504,609,America/New_York,NA,,Linode,Linode,linode.com,"""AS3595 Global Net Access"," LLC""",Corporate,hosting,999,88,61,49,50
auto.livemymsn.com,13768,64.34.172.210,US,[u'auto.livemymsn.com'],United States,VA,Virginia,Herndon,38.9266,-77.3936,511,703,America/New_York,NA,20171,Peer 1 Network,ServerBeach,tokbox.com,AS13768 Peer 1 Network Inc.,Corporate,hosting,534,99,20,60,10
auto.mcafeepaying.com,2516,106.186.16.96,JP,[u'flash.jobsadvanced.com'],Japan,40,Tokyo,Tokyo,35.6850,139.7514,,,Asia/Tokyo,AS,,Kddi Corporation,Kddi Corporation,linode.com,AS2516 KDDI KDDI CORPORATION,Cable/DSL,residential,80,99,40,60,
bab.infosupports.com,51969,46.149.18.14,IS,[u'3ml.infosupports.com'],Iceland,,,,65.0000,-18.0000,,,Atlantic/Reykjavik,EU,,GreenQloud ehf,GreenQloud ehf,greenqloud.com,AS51969 GreenQloud ehf,Cable/DSL,,,99,,,
back.infobusinessus.org,51474,78.95.63.1,RO,[u'ak47.infobusinessus.org'],Romania,,,,46.0000,25.0000,,,Europe/Bucharest,EU,,Media Trend Sistem SRL,Swift Marketing,,AS51474 Media Trend Sistem SRL,Unknown,residential,,99,,,
backsun.busketball.com,51377,46.37.164.184,GB,[u'asp.busketball.com'],United Kingdom,H9,"""London"," City of""",London,51.5142,-0.0931,,,Europe/London,EU,,BurstNET Limited,BurstNET Limited,hostnoc.net,AS51377 BurstNET Limited,Unknown,hosting,63,88,60,60,
backup.infobusinessus.org,51474,78.95.63.1,RO,[u'ak47.infobusinessus.org'],Romania,,,,46.0000,25.0000,,,Europe/Bucharest,EU,,Media Trend Sistem SRL,Swift Marketing,,AS51474 Media Trend Sistem SRL,Unknown,residential,,99,,,
backup.infosupports.com,51969,46.149.18.14,IS,[u'3ml.infosupports.com'],Iceland,,,,65.0000,-18.0000,,,Atlantic/Reykjavik,EU,,GreenQloud ehf,GreenQloud ehf,greenqloud.com,AS51969 GreenQloud ehf,Cable/DSL,,,99,,,
backup.msnhome.org,8075,65.55.39.12,US,[u'ak47.msnhome.org'],United States,WA,Washington,Redmond,47.6801,-122.1206,819,425,America/Los_Angeles,NA,98052,Microsoft Hosting,Microsoft Hosting,,AS8075 Microsoft Corp,Corporate,residential,885,99,67,62,67
backup.msnhome.org,8075,207.46.31.61,US,[u'ak47.msnhome.org'],United States,,,,38.0000,-97.0000,,,,NA,,Microsoft Corp,Microsoft Corp,,AS8075 Microsoft Corp,Cable/DSL,business,,99,,,
backupsw.infobusinessus.org,51377,46.37.164.184,GB,[u'asp.busketball.com'],United Kingdom,H9,"""London"," City of""",London,51.5142,-0.0931,,,Europe/London,EU,,BurstNET Limited,BurstNET Limited,hostnoc.net,AS51377 BurstNET Limited,Unknown,hosting,63,88,60,60,
banner.infobusinessus.org,51474,78.95.63.1,RO,[u'ak47.infobusinessus.org'],Romania,,,,46.0000,25.0000,,,Europe/Bucharest,EU,,Media Trend Sistem SRL,Swift Marketing,,AS51474 Media Trend Sistem SRL,Unknown,residential,,99,,,
basketball.todayusa.org,2516,106.186.16.96,JP,[u'flash.jobsadvanced.com'],Japan,40,Tokyo,Tokyo,35.6850,139.7514,,,Asia/Tokyo,AS,,Kddi Corporation,Kddi Corporation,linode.com,AS2516 KDDI KDDI CORPORATION,Cable/DSL,residential,80,99,40,60,
bat.infosupports.com,51969,46.149.18.14,IS,[u'3ml.infosupports.com'],Iceland,,,,65.0000,-18.0000,,,Atlantic/Reykjavik,EU,,GreenQloud ehf,GreenQloud ehf,greenqloud.com,AS51969 GreenQloud ehf,Cable/DSL,,,99,,,
bcc.infobusinessus.org,51474,78.95.63.1,RO,[u'ak47.infobusinessus.org'],Romania,,,,46.0000,25.0000,,,Europe/Bucharest,EU,,Media Trend Sistem SRL,Swift Marketing,,AS51474 Media Trend Sistem SRL,Unknown,residential,,99,,,
bee.newspappers.org,33491,74.93.92.50,US,[u'bee.newspappers.org'],United States,IL,Illinois,Chicago,41.7444,-87.6054,602,773,America/Chicago,NA,60619,Comcast Business Communications,Comcast Business Communications,comcastbusiness.net,"""AS7922 Comcast Cable Communications"," Inc.""",Cable/DSL,business,12,99,84,99,65
bhbt.infobusinessus.org,51474,78.95.63.1,RO,[u'ak47.infobusinessus.org'],Romania,,,,46.0000,25.0000,,,Europe/Bucharest,EU,,Media Trend Sistem SRL,Swift Marketing,,AS51474 Media Trend Sistem SRL,Unknown,residential,,99,,,
black.infobusinessus.org,51474,78.95.63.1,RO,[u'ak47.infobusinessus.org'],Romania,,,,46.0000,25.0000,,,Europe/Bucharest,EU,,Media Trend Sistem SRL,Swift Marketing,,AS51474 Media Trend Sistem SRL,Unknown,residential,,99,,,
black.msnhome.org,8075,65.55.39.12,US,[u'ak47.msnhome.org'],United States,WA,Washington,Redmond,47.6801,-122.1206,819,425,America/Los_Angeles,NA,98052,Microsoft Hosting,Microsoft Hosting,,AS8075 Microsoft Corp,Corporate,residential,885,99,67,62,67
black.msnhome.org,8075,207.46.31.61,US,[u'ak47.msnhome.org'],United States,,,,38.0000,-97.0000,,,,NA,,Microsoft Corp,Microsoft Corp,,AS8075 Microsoft Corp,Cable/DSL,business,,99,,,
blackfish.defenceonline.net,3595,50.116.42.33,US,[u'aoldaily.com'],United States,NJ,New Jersey,Absecon,39.4284,-74.4957,504,609,America/New_York,NA,,Linode,Linode,linode.com,"""AS3595 Global Net Access"," LLC""",Corporate,hosting,999,88,61,49,50
blow.reutersnewsonline.com,21740,64.74.223.7,US,[u'8cartoonporn.com'],United States,WA,Washington,Bellevue,47.6051,-122.1134,819,425,America/Los_Angeles,NA,98008,Internap Network Services Corporation,eNom,,"""AS21740 eNom"," Incorporated""",Corporate,residential,534,99,20,60,10
blue.infosupports.com,51969,46.149.18.14,IS,[u'3ml.infosupports.com'],Iceland,,,,65.0000,-18.0000,,,Atlantic/Reykjavik,EU,,GreenQloud ehf,GreenQloud ehf,greenqloud.com,AS51969 GreenQloud ehf,Cable/DSL,,,99,,,
bluefin.aunewsonline.com,3595,50.116.42.33,US,[u'aoldaily.com'],United States,NJ,New Jersey,Absecon,39.4284,-74.4957,504,609,America/New_York,NA,,Linode,Linode,linode.com,"""AS3595 Global Net Access"," LLC""",Corporate,hosting,999,88,61,49,50
book.pop-musicsite.com,2516,106.186.16.96,JP,[u'flash.jobsadvanced.com'],Japan,40,Tokyo,Tokyo,35.6850,139.7514,,,Asia/Tokyo,AS,,Kddi Corporation,Kddi Corporation,linode.com,AS2516 KDDI KDDI CORPORATION,Cable/DSL,residential,80,99,40,60,
book.reutersnewsonline.com,12182,64.74.223.7,US,[u'8cartoonporn.com'],United States,WA,Washington,Bellevue,47.6051,-122.1134,819,425,America/Los_Angeles,NA,98008,Internap Network Services Corporation,eNom,,"""AS21740 eNom"," Incorporated""",Corporate,residential,534,99,20,60,10
bphb.arrowservice.net,21527,69.41.9.99,US,,United States,MI,Michigan,Owosso,42.9965,-84.1874,513,989,America/New_York,NA,48867,Daystarr Communications,Jacob's Insurance,,AS21527 Daystarr Communications,Corporate,residential,1,99,99,99,99
business.aunewsonline.com,3595,50.116.42.33,US,[u'aoldaily.com'],United States,NJ,New Jersey,Absecon,39.4284,-74.4957,504,609,America/New_York,NA,,Linode,Linode,linode.com,"""AS3595 Global Net Access"," LLC""",Corporate,hosting,999,88,61,49,50
business.infosupports.com,51969,46.149.18.14,IS,[u'3ml.infosupports.com'],Iceland,,,,65.0000,-18.0000,,,Atlantic/Reykjavik,EU,,GreenQloud ehf,GreenQloud ehf,greenqloud.com,AS51969 GreenQloud ehf,Cable/DSL,,,99,,,
business.jobsadvanced.com,2516,106.186.16.96,JP,[u'flash.jobsadvanced.com'],Japan,40,Tokyo,Tokyo,35.6850,139.7514,,,Asia/Tokyo,AS,,Kddi Corporation,Kddi Corporation,linode.com,AS2516 KDDI KDDI CORPORATION,Cable/DSL,residential,80,99,40,60,
business.satellitebbs.com,2516,106.186.16.96,JP,[u'flash.jobsadvanced.com'],Japan,40,Tokyo,Tokyo,35.6850,139.7514,,,Asia/Tokyo,AS,,Kddi Corporation,Kddi Corporation,linode.com,AS2516 KDDI KDDI CORPORATION,Cable/DSL,residential,80,99,40,60,
business.yahoodaily.com,2516,106.186.16.96,JP,[u'flash.jobsadvanced.com'],Japan,40,Tokyo,Tokyo,35.6850,139.7514,,,Asia/Tokyo,AS,,Kddi Corporation,Kddi Corporation,linode.com,AS2516 KDDI KDDI CORPORATION,Cable/DSL,residential,80,99,40,60,
buy.infobusinessus.org,51474,78.95.63.1,RO,[u'ak47.infobusinessus.org'],Romania,,,,46.0000,25.0000,,,Europe/Bucharest,EU,,Media Trend Sistem SRL,Swift Marketing,,AS51474 Media Trend Sistem SRL,Unknown,residential,,99,,,
buy.msnhome.org,8075,207.46.31.61,US,[u'ak47.msnhome.org'],United States,,,,38.0000,-97.0000,,,,NA,,Microsoft Corp,Microsoft Corp,,AS8075 Microsoft Corp,Cable/DSL,business,,99,,,
buy.msnhome.org,8075,65.55.39.12,US,[u'ak47.msnhome.org'],United States,WA,Washington,Redmond,47.6801,-122.1206,819,425,America/Los_Angeles,NA,98052,Microsoft Hosting,Microsoft Hosting,,AS8075 Microsoft Corp,Corporate,residential,885,99,67,62,67
cache.aolon1ine.com,26496,184.168.221.68,US,[u'1saudi.net'],United States,AZ,Arizona,Scottsdale,33.6119,-111.8906,753,480,America/Phoenix,NA,85260,"""GoDaddy.com"," LLC""","""GoDaddy.com"," LLC""",secureserver.net,"""AS26496 GoDaddy.com"," LLC""",Corporate,hosting,534,99,20,60,10
can.infobusinessus.org,51474,78.95.63.1,RO,[u'ak47.infobusinessus.org'],Romania,,,,46.0000,25.0000,,,Europe/Bucharest,EU,,Media Trend Sistem SRL,Swift Marketing,,AS51474 Media Trend Sistem SRL,Unknown,residential,,99,,,
canada.cnndaily.com,3595,50.116.42.33,US,[u'aoldaily.com'],United States,NJ,New Jersey,Absecon,39.4284,-74.4957,504,609,America/New_York,NA,,Linode,Linode,linode.com,"""AS3595 Global Net Access"," LLC""",Corporate,hosting,999,88,61,49,50
care.jobsadvanced.com,2516,106.186.16.96,JP,[u'flash.jobsadvanced.com'],Japan,40,Tokyo,Tokyo,35.6850,139.7514,,,Asia/Tokyo,AS,,Kddi Corporation,Kddi Corporation,linode.com,AS2516 KDDI KDDI CORPORATION,Cable/DSL,residential,80,99,40,60,
care.satellitebbs.com,2516,106.186.16.96,JP,[u'flash.jobsadvanced.com'],Japan,40,Tokyo,Tokyo,35.6850,139.7514,,,Asia/Tokyo,AS,,Kddi Corporation,Kddi Corporation,linode.com,AS2516 KDDI KDDI CORPORATION,Cable/DSL,residential,80,99,40,60,
carvin.infosupports.com,51969,46.149.18.14,IS,[u'3ml.infosupports.com'],Iceland,,,,65.0000,-18.0000,,,Atlantic/Reykjavik,EU,,GreenQloud ehf,GreenQloud ehf,greenqloud.com,AS51969 GreenQloud ehf,Cable/DSL,,,99,,,
ce-ip.msnhome.org,8075,65.55.39.12,US,[u'ak47.msnhome.org'],United States,WA,Washington,Redmond,47.6801,-122.1206,819,425,America/Los_Angeles,NA,98052,Microsoft Hosting,Microsoft Hosting,,AS8075 Microsoft Corp,Corporate,residential,885,99,67,62,67
ce-ip.msnhome.org,8075,207.46.31.61,US,[u'ak47.msnhome.org'],United States,,,,38.0000,-97.0000,,,,NA,,Microsoft Corp,Microsoft Corp,,AS8075 Microsoft Corp,Cable/DSL,business,,99,,,
center.infosupports.com,51969,46.149.18.14,IS,[u'3ml.infosupports.com'],Iceland,,,,65.0000,-18.0000,,,Atlantic/Reykjavik,EU,,GreenQloud ehf,GreenQloud ehf,greenqloud.com,AS51969 GreenQloud ehf,Cable/DSL,,,99,,,
chat.infobusinessus.org,51474,78.95.63.1,RO,[u'ak47.infobusinessus.org'],Romania,,,,46.0000,25.0000,,,Europe/Bucharest,EU,,Media Trend Sistem SRL,Swift Marketing,,AS51474 Media Trend Sistem SRL,Unknown,residential,,99,,,
chat.msnhome.org,8075,65.55.39.12,US,[u'ak47.msnhome.org'],United States,WA,Washington,Redmond,47.6801,-122.1206,819,425,America/Los_Angeles,NA,98052,Microsoft Hosting,Microsoft Hosting,,AS8075 Microsoft Corp,Corporate,residential,885,99,67,62,67
chat.msnhome.org,8075,207.46.31.61,US,[u'ak47.msnhome.org'],United States,,,,38.0000,-97.0000,,,,NA,,Microsoft Corp,Microsoft Corp,,AS8075 Microsoft Corp,Cable/DSL,business,,99,,,
chicken.pop-musicsite.com,2516,106.186.16.96,JP,[u'flash.jobsadvanced.com'],Japan,40,Tokyo,Tokyo,35.6850,139.7514,,,Asia/Tokyo,AS,,Kddi Corporation,Kddi Corporation,linode.com,AS2516 KDDI KDDI CORPORATION,Cable/DSL,residential,80,99,40,60,
christitannahill.appspot.com,15169,173.194.68.141,US,[u'1.click.cash.payday.loan.geteasycashon.appspot.com'],United States,CA,California,Mountain View,37.4192,-122.0574,807,650,America/Los_Angeles,NA,94043,Google,Google,1e100.net,AS15169 Google Inc.,Corporate,business,534,99,20,60,10
client.infobusinessus.org,51474,78.95.63.1,RO,[u'ak47.infobusinessus.org'],Romania,,,,46.0000,25.0000,,,Europe/Bucharest,EU,,Media Trend Sistem SRL,Swift Marketing,,AS51474 Media Trend Sistem SRL,Unknown,residential,,99,,,
code.jobsadvanced.com,2516,106.186.16.96,JP,[u'flash.jobsadvanced.com'],Japan,40,Tokyo,Tokyo,35.6850,139.7514,,,Asia/Tokyo,AS,,Kddi Corporation,Kddi Corporation,linode.com,AS2516 KDDI KDDI CORPORATION,Cable/DSL,residential,80,99,40,60,
code.mcafeepaying.com,2516,106.186.16.96,JP,[u'flash.jobsadvanced.com'],Japan,40,Tokyo,Tokyo,35.6850,139.7514,,,Asia/Tokyo,AS,,Kddi Corporation,Kddi Corporation,linode.com,AS2516 KDDI KDDI CORPORATION,Cable/DSL,residential,80,99,40,60,
coe.nationtour.net,2516,106.186.16.96,JP,[u'flash.jobsadvanced.com'],Japan,40,Tokyo,Tokyo,35.6850,139.7514,,,Asia/Tokyo,AS,,Kddi Corporation,Kddi Corporation,linode.com,AS2516 KDDI KDDI CORPORATION,Cable/DSL,residential,80,99,40,60,
coe.reutersnewsonline.com,21740,64.74.223.7,US,[u'8cartoonporn.com'],United States,WA,Washington,Bellevue,47.6051,-122.1134,819,425,America/Los_Angeles,NA,98008,Internap Network Services Corporation,eNom,,"""AS21740 eNom"," Incorporated""",Corporate,residential,534,99,20,60,10
coer.reutersnewsonline.com,12182,64.74.223.7,US,[u'8cartoonporn.com'],United States,WA,Washington,Bellevue,47.6051,-122.1134,819,425,America/Los_Angeles,NA,98008,Internap Network Services Corporation,eNom,,"""AS21740 eNom"," Incorporated""",Corporate,residential,534,99,20,60,10
commpany.msnhome.org,8075,207.46.31.61,US,[u'ak47.msnhome.org'],United States,,,,38.0000,-97.0000,,,,NA,,Microsoft Corp,Microsoft Corp,,AS8075 Microsoft Corp,Cable/DSL,business,,99,,,
commpany.msnhome.org,8075,65.55.39.12,US,[u'ak47.msnhome.org'],United States,WA,Washington,Redmond,47.6801,-122.1206,819,425,America/Los_Angeles,NA,98052,Microsoft Hosting,Microsoft Hosting,,AS8075 Microsoft Corp,Corporate,residential,885,99,67,62,67
company.canadatvsite.com,3595,50.116.42.33,US,[u'aoldaily.com'],United States,NJ,New Jersey,Absecon,39.4284,-74.4957,504,609,America/New_York,NA,,Linode,Linode,linode.com,"""AS3595 Global Net Access"," LLC""",Corporate,hosting,999,88,61,49,50
compute.satellitebbs.com,2516,106.186.16.96,JP,[u'flash.jobsadvanced.com'],Japan,40,Tokyo,Tokyo,35.6850,139.7514,,,Asia/Tokyo,AS,,Kddi Corporation,Kddi Corporation,linode.com,AS2516 KDDI KDDI CORPORATION,Cable/DSL,residential,80,99,40,60,
contact.jobsadvanced.com,2516,106.186.16.96,JP,[u'flash.jobsadvanced.com'],Japan,40,Tokyo,Tokyo,35.6850,139.7514,,,Asia/Tokyo,AS,,Kddi Corporation,Kddi Corporation,linode.com,AS2516 KDDI KDDI CORPORATION,Cable/DSL,residential,80,99,40,60,
contact.yahoodaily.com,2516,106.186.16.96,JP,[u'flash.jobsadvanced.com'],Japan,40,Tokyo,Tokyo,35.6850,139.7514,,,Asia/Tokyo,AS,,Kddi Corporation,Kddi Corporation,linode.com,AS2516 KDDI KDDI CORPORATION,Cable/DSL,residential,80,99,40,60,
content.cnnnewsdaily.com,22489,69.43.161.167,AU,[u'00000.mosthost.org'],Australia,07,Victoria,Beaumaris,-38.0000,145.0500,,,Australia/Victoria,OC,,Castle Access,Trellian Pty,,AS22489 Castle Access Inc,Corporate,residential,683,99,20,60,10
cool.infobusinessus.org,51474,78.95.63.1,RO,[u'ak47.infobusinessus.org'],Romania,,,,46.0000,25.0000,,,Europe/Bucharest,EU,,Media Trend Sistem SRL,Swift Marketing,,AS51474 Media Trend Sistem SRL,Unknown,residential,,99,,,
cost.cnnnewsdaily.com,22489,69.43.161.167,AU,[u'00000.mosthost.org'],Australia,07,Victoria,Beaumaris,-38.0000,145.0500,,,Australia/Victoria,OC,,Castle Access,Trellian Pty,,AS22489 Castle Access Inc,Corporate,residential,683,99,20,60,10
country.canadatvsite.com,3595,50.116.42.33,US,[u'aoldaily.com'],United States,NJ,New Jersey,Absecon,39.4284,-74.4957,504,609,America/New_York,NA,,Linode,Linode,linode.com,"""AS3595 Global Net Access"," LLC""",Corporate,hosting,999,88,61,49,50
crab.infobusinessus.org,51474,78.95.63.1,RO,[u'ak47.infobusinessus.org'],Romania,,,,46.0000,25.0000,,,Europe/Bucharest,EU,,Media Trend Sistem SRL,Swift Marketing,,AS51474 Media Trend Sistem SRL,Unknown,residential,,99,,,
crab.msnhome.org,8075,207.46.31.61,US,[u'ak47.msnhome.org'],United States,,,,38.0000,-97.0000,,,,NA,,Microsoft Corp,Microsoft Corp,,AS8075 Microsoft Corp,Cable/DSL,business,,99,,,
crab.msnhome.org,8075,65.55.39.12,US,[u'ak47.msnhome.org'],United States,WA,Washington,Redmond,47.6801,-122.1206,819,425,America/Los_Angeles,NA,98052,Microsoft Hosting,Microsoft Hosting,,AS8075 Microsoft Corp,Corporate,residential,885,99,67,62,67
crackling123.appspot.com,15169,173.194.68.141,US,[u'1.click.cash.payday.loan.geteasycashon.appspot.com'],United States,CA,California,Mountain View,37.4192,-122.0574,807,650,America/Los_Angeles,NA,94043,Google,Google,1e100.net,AS15169 Google Inc.,Corporate,business,534,99,20,60,10
csch.infosupports.com,51969,46.149.18.14,IS,[u'3ml.infosupports.com'],Iceland,,,,65.0000,-18.0000,,,Atlantic/Reykjavik,EU,,GreenQloud ehf,GreenQloud ehf,greenqloud.com,AS51969 GreenQloud ehf,Cable/DSL,,,99,,,
cw.e-cardsshop.com,3595,50.116.42.33,US,[u'aoldaily.com'],United States,NJ,New Jersey,Absecon,39.4284,-74.4957,504,609,America/New_York,NA,,Linode,Linode,linode.com,"""AS3595 Global Net Access"," LLC""",Corporate,hosting,999,88,61,49,50
cw.mcafeepaying.com,2516,106.186.16.96,JP,[u'flash.jobsadvanced.com'],Japan,40,Tokyo,Tokyo,35.6850,139.7514,,,Asia/Tokyo,AS,,Kddi Corporation,Kddi Corporation,linode.com,AS2516 KDDI KDDI CORPORATION,Cable/DSL,residential,80,99,40,60,
cw.nationtour.net,2516,106.186.16.96,JP,[u'flash.jobsadvanced.com'],Japan,40,Tokyo,Tokyo,35.6850,139.7514,,,Asia/Tokyo,AS,,Kddi Corporation,Kddi Corporation,linode.com,AS2516 KDDI KDDI CORPORATION,Cable/DSL,residential,80,99,40,60,
cw.pop-musicsite.com,2516,106.186.16.96,JP,[u'flash.jobsadvanced.com'],Japan,40,Tokyo,Tokyo,35.6850,139.7514,,,Asia/Tokyo,AS,,Kddi Corporation,Kddi Corporation,linode.com,AS2516 KDDI KDDI CORPORATION,Cable/DSL,residential,80,99,40,60,
d.bpyoyo.com,21740,8.5.1.34,US,[u'1.proporzione.com'],United States,WA,Washington,Bellevue,47.6051,-122.1134,819,425,America/Los_Angeles,NA,98008,Level 3 Communications,"""eNom"," Incorporated""",,"""AS21740 eNom"," Incorporated""",Corporate,business,534,99,20,60,10
daily.newsonlinesite.com,2516,106.186.16.96,JP,[u'flash.jobsadvanced.com'],Japan,40,Tokyo,Tokyo,35.6850,139.7514,,,Asia/Tokyo,AS,,Kddi Corporation,Kddi Corporation,linode.com,AS2516 KDDI KDDI CORPORATION,Cable/DSL,residential,80,99,40,60,
date.voiceofman.com,2516,106.186.16.96,JP,[u'flash.jobsadvanced.com'],Japan,40,Tokyo,Tokyo,35.6850,139.7514,,,Asia/Tokyo,AS,,Kddi Corporation,Kddi Corporation,linode.com,AS2516 KDDI KDDI CORPORATION,Cable/DSL,residential,80,99,40,60,
dating.satellitebbs.com,2516,106.186.16.96,JP,[u'flash.jobsadvanced.com'],Japan,40,Tokyo,Tokyo,35.6850,139.7514,,,Asia/Tokyo,AS,,Kddi Corporation,Kddi Corporation,linode.com,AS2516 KDDI KDDI CORPORATION,Cable/DSL,residential,80,99,40,60,
defense.usabbs.org,2516,106.186.16.96,JP,[u'flash.jobsadvanced.com'],Japan,40,Tokyo,Tokyo,35.6850,139.7514,,,Asia/Tokyo,AS,,Kddi Corporation,Kddi Corporation,linode.com,AS2516 KDDI KDDI CORPORATION,Cable/DSL,residential,80,99,40,60,
des.infosupports.com,51969,46.149.18.14,IS,[u'3ml.infosupports.com'],Iceland,,,,65.0000,-18.0000,,,Atlantic/Reykjavik,EU,,GreenQloud ehf,GreenQloud ehf,greenqloud.com,AS51969 GreenQloud ehf,Cable/DSL,,,99,,,
dns.infobusinessus.org,51474,78.95.63.1,RO,[u'ak47.infobusinessus.org'],Romania,,,,46.0000,25.0000,,,Europe/Bucharest,EU,,Media Trend Sistem SRL,Swift Marketing,,AS51474 Media Trend Sistem SRL,Unknown,residential,,99,,,
dns.issnbgkit.net,21788,184.82.228.72,US,[u'attrcorp.com'],United States,CA,California,Los Angeles,34.0522,-118.2437,803,323,America/Los_Angeles,NA,,Network Operations Center,Network Operations Center,hostnoc.net,AS21788 Network Operations Center Inc.,Corporate,hosting,778,95,56,28,10
dns.progammerli.com,21788,184.82.228.72,US,[u'attrcorp.com'],United States,CA,California,Los Angeles,34.0522,-118.2437,803,323,America/Los_Angeles,NA,,Network Operations Center,Network Operations Center,hostnoc.net,AS21788 Network Operations Center Inc.,Corporate,hosting,778,95,56,28,10
dns.webservicesupdate.com,209,65.125.243.4,US,[u'dns.webservicesupdate.com'],United States,CO,Colorado,Denver,39.7392,-104.9847,751,303,America/Denver,NA,,CenturyLink,Arapahoe Community Colleg,,AS209 NOVARTIS-DMZ-US,Corporate,residential,534,99,20,60,10
documents.aoldaily.com,3595,50.116.42.33,US,[u'aoldaily.com'],United States,NJ,New Jersey,Absecon,39.4284,-74.4957,504,609,America/New_York,NA,,Linode,Linode,linode.com,"""AS3595 Global Net Access"," LLC""",Corporate,hosting,999,88,61,49,50
documents.aunewsonline.com,3595,50.116.42.33,US,[u'aoldaily.com'],United States,NJ,New Jersey,Absecon,39.4284,-74.4957,504,609,America/New_York,NA,,Linode,Linode,linode.com,"""AS3595 Global Net Access"," LLC""",Corporate,hosting,999,88,61,49,50
documents.cnndaily.com,3595,50.116.42.33,US,[u'aoldaily.com'],United States,NJ,New Jersey,Absecon,39.4284,-74.4957,504,609,America/New_York,NA,,Linode,Linode,linode.com,"""AS3595 Global Net Access"," LLC""",Corporate,hosting,999,88,61,49,50
documents.e-cardsshop.com,3595,50.116.42.33,US,[u'aoldaily.com'],United States,NJ,New Jersey,Absecon,39.4284,-74.4957,504,609,America/New_York,NA,,Linode,Linode,linode.com,"""AS3595 Global Net Access"," LLC""",Corporate,hosting,999,88,61,49,50
documents.nationtour.net,2516,106.186.16.96,JP,[u'flash.jobsadvanced.com'],Japan,40,Tokyo,Tokyo,35.6850,139.7514,,,Asia/Tokyo,AS,,Kddi Corporation,Kddi Corporation,linode.com,AS2516 KDDI KDDI CORPORATION,Cable/DSL,residential,80,99,40,60,
documents.voiceofman.com,2516,106.186.16.96,JP,[u'flash.jobsadvanced.com'],Japan,40,Tokyo,Tokyo,35.6850,139.7514,,,Asia/Tokyo,AS,,Kddi Corporation,Kddi Corporation,linode.com,AS2516 KDDI KDDI CORPORATION,Cable/DSL,residential,80,99,40,60,
down.infobusinessus.org,51474,78.95.63.1,RO,[u'ak47.infobusinessus.org'],Romania,,,,46.0000,25.0000,,,Europe/Bucharest,EU,,Media Trend Sistem SRL,Swift Marketing,,AS51474 Media Trend Sistem SRL,Unknown,residential,,99,,,
down.msnhome.org,8075,65.55.39.12,US,[u'ak47.msnhome.org'],United States,WA,Washington,Redmond,47.6801,-122.1206,819,425,America/Los_Angeles,NA,98052,Microsoft Hosting,Microsoft Hosting,,AS8075 Microsoft Corp,Corporate,residential,885,99,67,62,67
down.msnhome.org,8075,207.46.31.61,US,[u'ak47.msnhome.org'],United States,,,,38.0000,-97.0000,,,,NA,,Microsoft Corp,Microsoft Corp,,AS8075 Microsoft Corp,Cable/DSL,business,,99,,,
download.firefoxupdata.com,6983,198.143.231.107,US,[u'download.firefoxupdata.com'],United States,FL,Florida,Clearwater,27.8959,-82.6720,539,727,America/New_York,NA,33762,BTI,Image Products,btitelecom.net,AS6983 ITC^Deltacom,Corporate,business,306,99,64,64,51
download.symanteconline.net,2516,106.186.16.96,JP,[u'flash.jobsadvanced.com'],Japan,40,Tokyo,Tokyo,35.6850,139.7514,,,Asia/Tokyo,AS,,Kddi Corporation,Kddi Corporation,linode.com,AS2516 KDDI KDDI CORPORATION,Cable/DSL,residential,80,99,40,60,
download.voiceofman.com,2516,106.186.16.96,JP,[u'flash.jobsadvanced.com'],Japan,40,Tokyo,Tokyo,35.6850,139.7514,,,Asia/Tokyo,AS,,Kddi Corporation,Kddi Corporation,linode.com,AS2516 KDDI KDDI CORPORATION,Cable/DSL,residential,80,99,40,60,
dvid.infosupports.com,51969,46.149.18.14,IS,[u'3ml.infosupports.com'],Iceland,,,,65.0000,-18.0000,,,Atlantic/Reykjavik,EU,,GreenQloud ehf,GreenQloud ehf,greenqloud.com,AS51969 GreenQloud ehf,Cable/DSL,,,99,,,
dyn.msnhome.org,8075,65.55.39.12,US,[u'ak47.msnhome.org'],United States,WA,Washington,Redmond,47.6801,-122.1206,819,425,America/Los_Angeles,NA,98052,Microsoft Hosting,Microsoft Hosting,,AS8075 Microsoft Corp,Corporate,residential,885,99,67,62,67
dyn.msnhome.org,8075,207.46.31.61,US,[u'ak47.msnhome.org'],United States,,,,38.0000,-97.0000,,,,NA,,Microsoft Corp,Microsoft Corp,,AS8075 Microsoft Corp,Cable/DSL,business,,99,,,
dyns.infosupports.com,51969,46.149.18.14,IS,[u'3ml.infosupports.com'],Iceland,,,,65.0000,-18.0000,,,Atlantic/Reykjavik,EU,,GreenQloud ehf,GreenQloud ehf,greenqloud.com,AS51969 GreenQloud ehf,Cable/DSL,,,99,,,
e.aoldaily.com,3595,50.116.42.33,US,[u'aoldaily.com'],United States,NJ,New Jersey,Absecon,39.4284,-74.4957,504,609,America/New_York,NA,,Linode,Linode,linode.com,"""AS3595 Global Net Access"," LLC""",Corporate,hosting,999,88,61,49,50
e.applesoftupdate.com,26496,72.167.218.172,US,[u'email.kteily.net'],United States,AZ,Arizona,Scottsdale,33.6119,-111.8906,753,480,America/Phoenix,NA,85260,"""GoDaddy.com"," LLC""","""GoDaddy.com"," LLC""",secureserver.net,"""AS26496 GoDaddy.com"," LLC""",Corporate,hosting,534,99,20,60,10
e.aunewsonline.com,3595,50.116.42.33,US,[u'aoldaily.com'],United States,NJ,New Jersey,Absecon,39.4284,-74.4957,504,609,America/New_York,NA,,Linode,Linode,linode.com,"""AS3595 Global Net Access"," LLC""",Corporate,hosting,999,88,61,49,50
e.canoedaily.com,3595,50.116.42.33,US,[u'aoldaily.com'],United States,NJ,New Jersey,Absecon,39.4284,-74.4957,504,609,America/New_York,NA,,Linode,Linode,linode.com,"""AS3595 Global Net Access"," LLC""",Corporate,hosting,999,88,61,49,50
e.cnndaily.com,3595,50.116.42.33,US,[u'aoldaily.com'],United States,NJ,New Jersey,Absecon,39.4284,-74.4957,504,609,America/New_York,NA,,Linode,Linode,linode.com,"""AS3595 Global Net Access"," LLC""",Corporate,hosting,999,88,61,49,50
e.ifexcel.com,51969,46.149.18.14,IS,[u'3ml.infosupports.com'],Iceland,,,,65.0000,-18.0000,,,Atlantic/Reykjavik,EU,,GreenQloud ehf,GreenQloud ehf,greenqloud.com,AS51969 GreenQloud ehf,Cable/DSL,,,99,,,
e.msnhome.org,8075,207.46.31.61,US,[u'ak47.msnhome.org'],United States,,,,38.0000,-97.0000,,,,NA,,Microsoft Corp,Microsoft Corp,,AS8075 Microsoft Corp,Cable/DSL,business,,99,,,